-- phpMyAdmin SQL Dump
-- version 5.2.0
-- https://www.phpmyadmin.net/
--
-- Host: 127.0.0.1
-- Waktu pembuatan: 29 Jan 2024 pada 15.38
-- Versi server: 10.4.27-MariaDB
-- Versi PHP: 7.4.33

SET SQL_MODE = "NO_AUTO_VALUE_ON_ZERO";
START TRANSACTION;
SET time_zone = "+00:00";


/*!40101 SET @OLD_CHARACTER_SET_CLIENT=@@CHARACTER_SET_CLIENT */;
/*!40101 SET @OLD_CHARACTER_SET_RESULTS=@@CHARACTER_SET_RESULTS */;
/*!40101 SET @OLD_COLLATION_CONNECTION=@@COLLATION_CONNECTION */;
/*!40101 SET NAMES utf8mb4 */;

--
-- Database: `db_ta`
--

-- --------------------------------------------------------

--
-- Struktur dari tabel `detailprediksi`
--

CREATE TABLE `detailprediksi` (
  `idDetail` int(11) NOT NULL,
  `tanggal` date NOT NULL,
  `penjualan` int(11) NOT NULL,
  `hasil` double NOT NULL,
  `idPrediksi` int(11) NOT NULL
) ENGINE=InnoDB DEFAULT CHARSET=utf8mb4 COLLATE=utf8mb4_general_ci;

--
-- Dumping data untuk tabel `detailprediksi`
--

INSERT INTO `detailprediksi` (`idDetail`, `tanggal`, `penjualan`, `hasil`, `idPrediksi`) VALUES
(649, '2011-01-31', 25798, 25544.743055556, 7),
(650, '2011-02-28', 24147, 23781.150527778, 7),
(651, '2011-03-31', 26946, 26998.539903444, 7),
(652, '2011-04-30', 26198, 26103.041244364, 7),
(653, '2011-05-31', 26657, 26630.422152122, 7),
(654, '2011-06-30', 25092, 25092.23318972, 7),
(655, '2011-07-31', 25072, 25140.68108704, 7),
(656, '2011-08-31', 24413, 24457.164680547, 7),
(657, '2011-09-30', 23290, 23349.374896631, 7),
(658, '2011-10-31', 24020, 24121.305569912, 7),
(659, '2011-11-30', 23693, 23780.444886256, 7),
(660, '2011-12-31', 25134, 25291.006559787, 7),
(661, '2012-01-31', 26138, 25916.548983484, 7),
(662, '2012-02-29', 25032, 24165.16241984, 7),
(663, '2012-03-31', 27222, 27418.363414695, 7),
(664, '2012-04-30', 26290, 26519.68084248, 7),
(665, '2012-05-31', 26760, 26971.875330644, 7),
(666, '2012-06-30', 25268, 25381.434599078, 7),
(667, '2012-07-31', 25268, 25395.566377873, 7),
(668, '2012-08-31', 24601, 24703.235824008, 7),
(669, '2012-09-30', 23412, 23580.206178007, 7),
(670, '2012-10-31', 24217, 24322.034363343, 7),
(671, '2012-11-30', 23766, 23981.003391269, 7),
(672, '2012-12-31', 25422, 25452.771022894, 7),
(673, '2013-01-31', 26180, 26162.466235187, 7),
(674, '2013-02-28', 24330, 24471.094871389, 7),
(675, '2013-03-31', 27347, 27346.102286954, 7),
(676, '2013-04-30', 26460, 26475.835266549, 7),
(677, '2013-05-31', 26929, 26968.797248804, 7),
(678, '2013-06-30', 25356, 25424.360459995, 7),
(679, '2013-07-31', 25288, 25441.264087894, 7),
(680, '2013-08-31', 24618, 24743.762195698, 7),
(681, '2013-09-30', 23406, 23601.293228288, 7),
(682, '2013-10-31', 24122, 24343.524355281, 7),
(683, '2013-11-30', 23769, 23956.84724175, 7),
(684, '2013-12-31', 25319, 25458.878808216, 7),
(685, '2014-01-31', 26219, 26149.400324334, 7),
(686, '2014-02-28', 24235, 24438.188919414, 7),
(687, '2014-03-31', 27314, 27318.37532119, 7),
(688, '2014-04-30', 26437, 26439.234307373, 7),
(689, '2014-05-31', 26902, 26925.994858309, 7),
(690, '2014-06-30', 25404, 25375.123937378, 7),
(691, '2014-07-31', 25407, 25393.254738996, 7),
(692, '2014-08-31', 24611, 24729.587506386, 7),
(693, '2014-09-30', 23431, 23573.489697436, 7),
(694, '2014-10-31', 24325, 24318.356950217, 7),
(695, '2014-11-30', 23718, 23979.886725419, 7),
(696, '2014-12-31', 25223, 25471.674256138, 7),
(697, '2015-01-31', 26171, 26170.406969923, 7),
(698, '2015-02-28', 24333, 24397.925763919, 7),
(699, '2015-03-31', 27383, 27334.30572838, 7),
(700, '2015-04-30', 26450, 26463.064229576, 7),
(701, '2015-05-31', 26795, 26941.076822474, 7),
(702, '2015-06-30', 25344, 25370.660242753, 7),
(703, '2015-07-31', 25364, 25371.452096511, 7),
(704, '2015-08-31', 24595, 24678.476601659, 7),
(705, '2015-09-30', 23403, 23521.821518749, 7),
(706, '2015-10-31', 24063, 24291.623215199, 7),
(707, '2015-11-30', 23718, 23858.53347669, 7),
(708, '2015-12-31', 25267, 25372.589568552, 7),
(709, '2016-01-31', 26121, 26136.278240711, 7),
(710, '2016-02-29', 25103, 24346.532543489, 7),
(711, '2016-03-31', 27295, 27465.048700583, 7),
(712, '2016-04-30', 26405, 26538.98061812, 7),
(713, '2016-05-31', 26872, 26969.847623863, 7),
(714, '2016-06-30', 25343, 25426.696158832, 7),
(715, '2016-07-31', 25316, 25417.438611321, 7),
(716, '2016-08-31', 24617, 24691.410425173, 7),
(717, '2016-09-30', 23380, 23528.85818802, 7),
(718, '2016-10-31', 24182, 24272.908929702, 7),
(719, '2016-11-30', 23874, 23879.831914114, 7),
(720, '2016-12-31', 25379, 25425.333657703, 7),
(721, '2017-01-31', 26172, 26214.474662039, 7),
(722, '2017-02-28', 24310, 24541.811543976, 7),
(723, '2017-03-31', 27340, 27309.518751704, 7),
(724, '2017-04-30', 26449, 26425.219107872, 7),
(725, '2017-05-31', 26915, 26889.942296449, 7),
(726, '2017-06-30', 25427, 25370.650354318, 7),
(727, '2017-07-31', 25393, 25384.137581542, 7),
(728, '2017-08-31', 24703, 24682.509721483, 7),
(729, '2017-09-30', 23436, 23525.421196177, 7),
(730, '2017-10-31', 24256, 24289.26417869, 7),
(731, '2017-11-30', 23985, 23920.191975934, 7),
(732, '2017-12-31', 25446, 25472.487528073, 7),
(733, '2018-01-31', 26329, 26265.440682049, 7),
(734, '2018-02-28', 24393, 24583.340079201, 7),
(735, '2018-03-31', 27493, 27401.123932833, 7),
(736, '2018-04-30', 26669, 26528.09228125, 7),
(737, '2018-05-31', 27103, 27016.974717747, 7),
(738, '2018-06-30', 25507, 25515.65646518, 7),
(739, '2018-07-31', 25527, 25509.057952516, 7),
(740, '2018-08-31', 24890, 24811.656233026, 7),
(741, '2018-09-30', 23671, 23649.33374057, 7),
(742, '2018-10-31', 24567, 24445.604857934, 7),
(743, '2018-11-30', 24062, 24125.000229985, 7),
(744, '2018-12-31', 25654, 25638.45976817, 7),
(745, '2019-01-31', 0, 26455.727005729, 7),
(746, '2019-03-03', 0, 24721.537434712, 7),
(747, '2019-03-31', 0, 27624.552046887, 7),
(748, '2019-05-01', 0, 26742.630901138, 7),
(749, '2019-05-31', 0, 27195.627628185, 7),
(750, '2019-07-01', 0, 25662.688162589, 7),
(751, '2019-07-31', 0, 25662.844253858, 7),
(752, '2019-08-31', 0, 24972.214180671, 7),
(753, '2019-10-01', 0, 23785.536939226, 7),
(754, '2019-10-31', 0, 24593.727166502, 7),
(755, '2019-12-01', 0, 24219.150410619, 7),
(756, '2019-12-31', 0, 25757.838629619, 7),
(757, '2011-01-31', 25798, 25544.743055556, 8),
(758, '2011-02-28', 24147, 23806.982736111, 8),
(759, '2011-03-31', 26946, 27054.290616083, 8),
(760, '2011-04-30', 26198, 26137.456388367, 8),
(761, '2011-05-31', 26657, 26664.635690636, 8),
(762, '2011-06-30', 25092, 25119.31538808, 8),
(763, '2011-07-31', 25072, 25159.927283963, 8),
(764, '2011-08-31', 24413, 24463.828047377, 8),
(765, '2011-09-30', 23290, 23349.553613482, 8),
(766, '2011-10-31', 24020, 24115.304188075, 8),
(767, '2011-11-30', 23693, 23765.757765162, 8),
(768, '2011-12-31', 25134, 25271.538722531, 8),
(769, '2012-01-31', 26138, 25899.244118688, 8),
(770, '2012-02-29', 25032, 24175.306140036, 8),
(771, '2012-03-31', 27222, 27486.525396262, 8),
(772, '2012-04-30', 26290, 26560.391565857, 8),
(773, '2012-05-31', 26760, 26974.102693881, 8),
(774, '2012-06-30', 25268, 25361.600784348, 8),
(775, '2012-07-31', 25268, 25368.092081297, 8),
(776, '2012-08-31', 24601, 24674.554774492, 8),
(777, '2012-09-30', 23412, 23549.914122516, 8),
(778, '2012-10-31', 24217, 24282.462929615, 8),
(779, '2012-11-30', 23766, 23944.596686484, 8),
(780, '2012-12-31', 25422, 25402.379986313, 8),
(781, '2013-01-31', 26180, 26154.555842464, 8),
(782, '2013-02-28', 24330, 24493.412424174, 8),
(783, '2013-03-31', 27347, 27254.044215625, 8),
(784, '2013-04-30', 26460, 26426.968195154, 8),
(785, '2013-05-31', 26929, 26938.392889086, 8),
(786, '2013-06-30', 25356, 25408.703472404, 8),
(787, '2013-07-31', 25288, 25422.440324859, 8),
(788, '2013-08-31', 24618, 24720.304824235, 8),
(789, '2013-09-30', 23406, 23569.484638774, 8),
(790, '2013-10-31', 24122, 24305.38456293, 8),
(791, '2013-11-30', 23769, 23903.483732486, 8),
(792, '2013-12-31', 25319, 25411.4910949, 8),
(793, '2014-01-31', 26219, 26125.94869138, 8),
(794, '2014-02-28', 24235, 24440.525181861, 8),
(795, '2014-03-31', 27314, 27237.205438859, 8),
(796, '2014-04-30', 26437, 26387.445017435, 8),
(797, '2014-05-31', 26902, 26889.764619741, 8),
(798, '2014-06-30', 25404, 25352.445371767, 8),
(799, '2014-07-31', 25407, 25375.897374402, 8),
(800, '2014-08-31', 24611, 24726.768930754, 8),
(801, '2014-09-30', 23431, 23555.576684352, 8),
(802, '2014-10-31', 24325, 24295.718390557, 8),
(803, '2014-11-30', 23718, 23965.910963047, 8),
(804, '2014-12-31', 25223, 25446.052423631, 8),
(805, '2015-01-31', 26171, 26156.865971705, 8),
(806, '2015-02-28', 24333, 24381.153156878, 8),
(807, '2015-03-31', 27383, 27281.363341343, 8),
(808, '2015-04-30', 26450, 26430.515464199, 8),
(809, '2015-05-31', 26795, 26912.976619838, 8),
(810, '2015-06-30', 25344, 25341.069345754, 8),
(811, '2015-07-31', 25364, 25341.566023641, 8),
(812, '2015-08-31', 24595, 24654.868734493, 8),
(813, '2015-09-30', 23403, 23494.807095997, 8),
(814, '2015-10-31', 24063, 24273.496715219, 8),
(815, '2015-11-30', 23718, 23808.513474953, 8),
(816, '2015-12-31', 25267, 25337.006985037, 8),
(817, '2016-01-31', 26121, 26140.374102019, 8),
(818, '2016-02-29', 25103, 24338.158272856, 8),
(819, '2016-03-31', 27295, 27515.230486737, 8),
(820, '2016-04-30', 26405, 26550.147020251, 8),
(821, '2016-05-31', 26872, 26952.940577129, 8),
(822, '2016-06-30', 25343, 25416.345570411, 8),
(823, '2016-07-31', 25316, 25396.408348192, 8),
(824, '2016-08-31', 24617, 24659.3110081, 8),
(825, '2016-09-30', 23380, 23495.651193665, 8),
(826, '2016-10-31', 24182, 24239.961261022, 8),
(827, '2016-11-30', 23874, 23844.548847669, 8),
(828, '2016-12-31', 25379, 25412.671606782, 8),
(829, '2017-01-31', 26172, 26237.123752905, 8),
(830, '2017-02-28', 24310, 24585.145364926, 8),
(831, '2017-03-31', 27340, 27236.393376045, 8),
(832, '2017-04-30', 26449, 26379.208683165, 8),
(833, '2017-05-31', 26915, 26856.236836685, 8),
(834, '2017-06-30', 25427, 25360.255868414, 8),
(835, '2017-07-31', 25393, 25378.810876574, 8),
(836, '2017-08-31', 24703, 24676.609307331, 8),
(837, '2017-09-30', 23436, 23517.086862307, 8),
(838, '2017-10-31', 24256, 24283.016799064, 8),
(839, '2017-11-30', 23985, 23914.565682011, 8),
(840, '2017-12-31', 25446, 25481.29486131, 8),
(841, '2018-01-31', 26329, 26298.212590765, 8),
(842, '2018-02-28', 24393, 24631.035990252, 8),
(843, '2018-03-31', 27493, 27373.310365034, 8),
(844, '2018-04-30', 26669, 26514.301492625, 8),
(845, '2018-05-31', 27103, 27015.447465873, 8),
(846, '2018-06-30', 25507, 25530.913623213, 8),
(847, '2018-07-31', 25527, 25511.825117722, 8),
(848, '2018-08-31', 24890, 24813.077884731, 8),
(849, '2018-09-30', 23671, 23647.044047532, 8),
(850, '2018-10-31', 24567, 24457.371266482, 8),
(851, '2018-11-30', 24062, 24152.728141459, 8),
(852, '2018-12-31', 25654, 25650.288078189, 8),
(853, '2019-01-31', 0, 26494.401783011, 8),
(854, '2019-03-03', 0, 24762.967984997, 8),
(855, '2019-03-31', 0, 27654.635693253, 8),
(856, '2019-05-01', 0, 26769.213810854, 8),
(857, '2019-05-31', 0, 27211.063403756, 8),
(858, '2019-07-01', 0, 25677.54441886, 8),
(859, '2019-07-31', 0, 25674.67057927, 8),
(860, '2019-08-31', 0, 24985.078744013, 8),
(861, '2019-10-01', 0, 23785.124788843, 8),
(862, '2019-10-31', 0, 24606.392181156, 8),
(863, '2019-12-01', 0, 24226.263395015, 8),
(864, '2019-12-31', 0, 25770.896459001, 8),
(865, '2011-01-31', 25798, 25544.743055556, 9),
(866, '2011-02-28', 24147, 23832.814944444, 9),
(867, '2011-03-31', 26946, 27104.771558222, 9),
(868, '2011-04-30', 26198, 26157.275354023, 9),
(869, '2011-05-31', 26657, 26682.903428671, 9),
(870, '2011-06-30', 25092, 25129.673046031, 9),
(871, '2011-07-31', 25072, 25163.433432079, 9),
(872, '2011-08-31', 24413, 24456.958196251, 9),
(873, '2011-09-30', 23290, 23340.121389184, 9),
(874, '2011-10-31', 24020, 24103.41833383, 9),
(875, '2011-11-30', 23693, 23748.729153947, 9),
(876, '2011-12-31', 25134, 25253.669812786, 9),
(877, '2012-01-31', 26138, 25866.663099587, 9),
(878, '2012-02-29', 25032, 24172.610576871, 9),
(879, '2012-03-31', 27222, 27581.554928146, 9),
(880, '2012-04-30', 26290, 26592.086606722, 9),
(881, '2012-05-31', 26760, 26968.286550821, 9),
(882, '2012-06-30', 25268, 25338.214747186, 9),
(883, '2012-07-31', 25268, 25347.251608664, 9),
(884, '2012-08-31', 24601, 24652.262124619, 9),
(885, '2012-09-30', 23412, 23529.403420018, 9),
(886, '2012-10-31', 24217, 24257.264894589, 9),
(887, '2012-11-30', 23766, 23922.63716259, 9),
(888, '2012-12-31', 25422, 25372.71405512, 9),
(889, '2013-01-31', 26180, 26122.031255164, 9),
(890, '2013-02-28', 24330, 24445.134380862, 9),
(891, '2013-03-31', 27347, 27233.716493435, 9),
(892, '2013-04-30', 26460, 26436.367817353, 9),
(893, '2013-05-31', 26929, 26954.985011179, 9),
(894, '2013-06-30', 25356, 25419.390884289, 9),
(895, '2013-07-31', 25288, 25426.289382996, 9),
(896, '2013-08-31', 24618, 24709.009321289, 9),
(897, '2013-09-30', 23406, 23554.314752217, 9),
(898, '2013-10-31', 24122, 24279.417785197, 9),
(899, '2013-11-30', 23769, 23871.765822301, 9),
(900, '2013-12-31', 25319, 25375.6723146, 9),
(901, '2014-01-31', 26219, 26078.536353077, 9),
(902, '2014-02-28', 24235, 24398.506074433, 9),
(903, '2014-03-31', 27314, 27203.494953216, 9),
(904, '2014-04-30', 26437, 26383.51565114, 9),
(905, '2014-05-31', 26902, 26899.999430115, 9),
(906, '2014-06-30', 25404, 25363.947176692, 9),
(907, '2014-07-31', 25407, 25394.649676533, 9),
(908, '2014-08-31', 24611, 24743.249274031, 9),
(909, '2014-09-30', 23431, 23558.527192187, 9),
(910, '2014-10-31', 24325, 24287.256449614, 9),
(911, '2014-11-30', 23718, 23966.017411329, 9),
(912, '2014-12-31', 25223, 25417.469123747, 9),
(913, '2015-01-31', 26171, 26096.94556151, 9),
(914, '2015-02-28', 24333, 24331.352425853, 9),
(915, '2015-03-31', 27383, 27248.761371279, 9),
(916, '2015-04-30', 26450, 26425.238250399, 9),
(917, '2015-05-31', 26795, 26917.962602708, 9),
(918, '2015-06-30', 25344, 25334.771473737, 9),
(919, '2015-07-31', 25364, 25343.908198285, 9),
(920, '2015-08-31', 24595, 24665.388784856, 9),
(921, '2015-09-30', 23403, 23502.568082649, 9),
(922, '2015-10-31', 24063, 24268.760599667, 9),
(923, '2015-11-30', 23718, 23793.265777164, 9),
(924, '2015-12-31', 25267, 25319.421696998, 9),
(925, '2016-01-31', 26121, 26101.152588063, 9),
(926, '2016-02-29', 25103, 24297.51099139, 9),
(927, '2016-03-31', 27295, 27563.421217087, 9),
(928, '2016-04-30', 26405, 26559.005357538, 9),
(929, '2016-05-31', 26872, 26952.079384615, 9),
(930, '2016-06-30', 25343, 25408.625912879, 9),
(931, '2016-07-31', 25316, 25387.967382622, 9),
(932, '2016-08-31', 24617, 24653.792447671, 9),
(933, '2016-09-30', 23380, 23496.881435229, 9),
(934, '2016-10-31', 24182, 24234.618879824, 9),
(935, '2016-11-30', 23874, 23842.67986874, 9),
(936, '2016-12-31', 25379, 25415.244829072, 9),
(937, '2017-01-31', 26172, 26216.247064558, 9),
(938, '2017-02-28', 24310, 24527.662566518, 9),
(939, '2017-03-31', 27340, 27182.102510768, 9),
(940, '2017-04-30', 26449, 26363.313727345, 9),
(941, '2017-05-31', 26915, 26861.993353547, 9),
(942, '2017-06-30', 25427, 25371.862879321, 9),
(943, '2017-07-31', 25393, 25396.821162372, 9),
(944, '2017-08-31', 24703, 24695.234438012, 9),
(945, '2017-09-30', 23436, 23541.085309951, 9),
(946, '2017-10-31', 24256, 24294.55753191, 9),
(947, '2017-11-30', 23985, 23922.91364005, 9),
(948, '2017-12-31', 25446, 25495.431086891, 9),
(949, '2018-01-31', 26329, 26289.420614692, 9),
(950, '2018-02-28', 24393, 24603.524715674, 9),
(951, '2018-03-31', 27493, 27328.850522532, 9),
(952, '2018-04-30', 26669, 26500.044443561, 9),
(953, '2018-05-31', 27103, 27027.295532972, 9),
(954, '2018-06-30', 25507, 25547.955337313, 9),
(955, '2018-07-31', 25527, 25524.42307153, 9),
(956, '2018-08-31', 24890, 24828.091303931, 9),
(957, '2018-09-30', 23671, 23676.329527665, 9),
(958, '2018-10-31', 24567, 24483.520363956, 9),
(959, '2018-11-30', 24062, 24181.624838526, 9),
(960, '2018-12-31', 25654, 25662.748574671, 9),
(961, '2019-01-31', 0, 26490.72236158, 9),
(962, '2019-03-03', 0, 24745.348704404, 9),
(963, '2019-03-31', 0, 27625.382684163, 9),
(964, '2019-05-01', 0, 26733.525644467, 9),
(965, '2019-05-31', 0, 27176.801406804, 9),
(966, '2019-07-01', 0, 25645.967115412, 9),
(967, '2019-07-31', 0, 25646.766890953, 9),
(968, '2019-08-31', 0, 24960.177553264, 9),
(969, '2019-10-01', 0, 23771.14763186, 9),
(970, '2019-10-31', 0, 24596.096778467, 9),
(971, '2019-12-01', 0, 24223.223605891, 9),
(972, '2019-12-31', 0, 25772.085016344, 9),
(973, '2011-01-31', 25798, 25544.743055556, 10),
(974, '2011-02-28', 24147, 23858.647152778, 10),
(975, '2011-03-31', 26946, 27149.982729861, 10),
(976, '2011-04-30', 26198, 26164.110691104, 10),
(977, '2011-05-31', 26657, 26690.513564815, 10),
(978, '2011-06-30', 25092, 25130.879866022, 10),
(979, '2011-07-31', 25072, 25160.174217965, 10),
(980, '2011-08-31', 24413, 24445.939651757, 10),
(981, '2011-09-30', 23290, 23329.992972136, 10),
(982, '2011-10-31', 24020, 24093.119702603, 10),
(983, '2011-11-30', 23693, 23734.951870811, 10),
(984, '2011-12-31', 25134, 25240.948436207, 10),
(985, '2012-01-31', 26138, 25840.36577621, 10),
(986, '2012-02-29', 25032, 24181.326632199, 10),
(987, '2012-03-31', 27222, 27685.199071892, 10),
(988, '2012-04-30', 26290, 26608.034443396, 10),
(989, '2012-05-31', 26760, 26947.480547844, 10),
(990, '2012-06-30', 25268, 25307.634280465, 10),
(991, '2012-07-31', 25268, 25326.72559636, 10),
(992, '2012-08-31', 24601, 24633.363336067, 10),
(993, '2012-09-30', 23412, 23514.515389572, 10),
(994, '2012-10-31', 24217, 24238.655250915, 10),
(995, '2012-11-30', 23766, 23908.652813417, 10),
(996, '2012-12-31', 25422, 25351.300406955, 10),
(997, '2013-01-31', 26180, 26098.75662513, 10),
(998, '2013-02-28', 24330, 24410.841484319, 10),
(999, '2013-03-31', 27347, 27238.924039535, 10),
(1000, '2013-04-30', 26460, 26461.932779352, 10),
(1001, '2013-05-31', 26929, 26974.934974655, 10),
(1002, '2013-06-30', 25356, 25425.37606421, 10),
(1003, '2013-07-31', 25288, 25423.773003244, 10),
(1004, '2013-08-31', 24618, 24692.111116879, 10),
(1005, '2013-09-30', 23406, 23537.71873247, 10),
(1006, '2013-10-31', 24122, 24254.946170252, 10),
(1007, '2013-11-30', 23769, 23845.595956606, 10),
(1008, '2013-12-31', 25319, 25348.382725983, 10),
(1009, '2014-01-31', 26219, 26041.486415191, 10),
(1010, '2014-02-28', 24235, 24372.463415844, 10),
(1011, '2014-03-31', 27314, 27195.076168073, 10),
(1012, '2014-04-30', 26437, 26401.619557421, 10),
(1013, '2014-05-31', 26902, 26921.663191386, 10),
(1014, '2014-06-30', 25404, 25376.971883967, 10),
(1015, '2014-07-31', 25407, 25409.823288894, 10),
(1016, '2014-08-31', 24611, 24751.426956429, 10),
(1017, '2014-09-30', 23431, 23552.113765282, 10),
(1018, '2014-10-31', 24325, 24271.443876037, 10),
(1019, '2014-11-30', 23718, 23962.646669534, 10),
(1020, '2014-12-31', 25223, 25385.6588879, 10),
(1021, '2015-01-31', 26171, 26038.995002009, 10),
(1022, '2015-02-28', 24333, 24295.352132527, 10),
(1023, '2015-03-31', 27383, 27241.110699786, 10),
(1024, '2015-04-30', 26450, 26443.967055763, 10),
(1025, '2015-05-31', 26795, 26938.148661367, 10),
(1026, '2015-06-30', 25344, 25334.551726275, 10),
(1027, '2015-07-31', 25364, 25349.793112091, 10),
(1028, '2015-08-31', 24595, 24675.099232447, 10),
(1029, '2015-09-30', 23403, 23505.278073753, 10),
(1030, '2015-10-31', 24063, 24256.846062364, 10),
(1031, '2015-11-30', 23718, 23773.762870515, 10),
(1032, '2015-12-31', 25267, 25299.549520468, 10),
(1033, '2016-01-31', 26121, 26059.475359683, 10),
(1034, '2016-02-29', 25103, 24263.069396716, 10),
(1035, '2016-03-31', 27295, 27630.259029079, 10),
(1036, '2016-04-30', 26405, 26574.044766008, 10),
(1037, '2016-05-31', 26872, 26956.441497541, 10),
(1038, '2016-06-30', 25343, 25403.805978157, 10),
(1039, '2016-07-31', 25316, 25382.649781171, 10),
(1040, '2016-08-31', 24617, 24650.588833255, 10),
(1041, '2016-09-30', 23380, 23498.368336274, 10),
(1042, '2016-10-31', 24182, 24225.667381021, 10),
(1043, '2016-11-30', 23874, 23837.399181122, 10),
(1044, '2016-12-31', 25379, 25412.786487673, 10),
(1045, '2017-01-31', 26172, 26186.129407126, 10),
(1046, '2017-02-28', 24310, 24467.825214131, 10),
(1047, '2017-03-31', 27340, 27149.048834007, 10),
(1048, '2017-04-30', 26449, 26375.324250958, 10),
(1049, '2017-05-31', 26915, 26888.651378462, 10),
(1050, '2017-06-30', 25427, 25392.943795891, 10),
(1051, '2017-07-31', 25393, 25417.278290775, 10),
(1052, '2017-08-31', 24703, 24710.722116338, 10),
(1053, '2017-09-30', 23436, 23558.336605624, 10),
(1054, '2017-10-31', 24256, 24294.435529553, 10),
(1055, '2017-11-30', 23985, 23920.454674456, 10),
(1056, '2017-12-31', 25446, 25499.166772508, 10),
(1057, '2018-01-31', 26329, 26265.484942927, 10),
(1058, '2018-02-28', 24393, 24564.941886925, 10),
(1059, '2018-03-31', 27493, 27291.775736638, 10),
(1060, '2018-04-30', 26669, 26506.05122992, 10),
(1061, '2018-05-31', 27103, 27058.263369217, 10),
(1062, '2018-06-30', 25507, 25574.437379147, 10),
(1063, '2018-07-31', 25527, 25539.79142283, 10),
(1064, '2018-08-31', 24890, 24842.09349187, 10),
(1065, '2018-09-30', 23671, 23701.517789581, 10),
(1066, '2018-10-31', 24567, 24498.217140686, 10),
(1067, '2018-11-30', 24062, 24196.47064992, 10),
(1068, '2018-12-31', 25654, 25659.20582741, 10),
(1069, '2019-01-31', 0, 26468.674236145, 10),
(1070, '2019-03-03', 0, 24702.087450765, 10),
(1071, '2019-03-31', 0, 27573.618926111, 10),
(1072, '2019-05-01', 0, 26682.280480714, 10),
(1073, '2019-05-31', 0, 27134.39644337, 10),
(1074, '2019-07-01', 0, 25610.038699405, 10),
(1075, '2019-07-31', 0, 25616.645362886, 10),
(1076, '2019-08-31', 0, 24933.91278399, 10),
(1077, '2019-10-01', 0, 23756.606068904, 10),
(1078, '2019-10-31', 0, 24582.750475953, 10),
(1079, '2019-12-01', 0, 24214.727764372, 10),
(1080, '2019-12-31', 0, 25764.035931925, 10),
(1081, '2011-01-31', 25798, 25544.743055556, 11),
(1082, '2011-02-28', 24147, 23884.479361111, 11),
(1083, '2011-03-31', 26946, 27189.924131, 11),
(1084, '2011-04-30', 26198, 26159.574949384, 11),
(1085, '2011-05-31', 26657, 26692.096377344, 11),
(1086, '2011-06-30', 25092, 25128.083792001, 11),
(1087, '2011-07-31', 25072, 25155.045752359, 11),
(1088, '2011-08-31', 24413, 24434.833987474, 11),
(1089, '2011-09-30', 23290, 23322.08727367, 11),
(1090, '2011-10-31', 24020, 24085.803540865, 11),
(1091, '2011-11-30', 23693, 23724.500405252, 11),
(1092, '2011-12-31', 25134, 25232.401146144, 11),
(1093, '2012-01-31', 26138, 25818.371462081, 11),
(1094, '2012-02-29', 25032, 24198.71594091, 11),
(1095, '2012-03-31', 27222, 27792.368125431, 11),
(1096, '2012-04-30', 26290, 26602.639855915, 11),
(1097, '2012-05-31', 26760, 26914.092396688, 11),
(1098, '2012-06-30', 25268, 25275.528385834, 11),
(1099, '2012-07-31', 25268, 25311.295495378, 11),
(1100, '2012-08-31', 24601, 24620.06364028, 11),
(1101, '2012-09-30', 23412, 23505.566328428, 11),
(1102, '2012-10-31', 24217, 24225.429050026, 11),
(1103, '2012-11-30', 23766, 23900.435318402, 11),
(1104, '2012-12-31', 25422, 25335.080136751, 11),
(1105, '2013-01-31', 26180, 26081.163586777, 11),
(1106, '2013-02-28', 24330, 24386.7789142, 11),
(1107, '2013-03-31', 27347, 27263.381757795, 11),
(1108, '2013-04-30', 26460, 26490.247242805, 11),
(1109, '2013-05-31', 26929, 26986.824299511, 11),
(1110, '2013-06-30', 25356, 25421.427298391, 11),
(1111, '2013-07-31', 25288, 25415.286690431, 11),
(1112, '2013-08-31', 24618, 24672.683729747, 11),
(1113, '2013-09-30', 23406, 23523.562389398, 11),
(1114, '2013-10-31', 24122, 24234.644342852, 11),
(1115, '2013-11-30', 23769, 23826.150494842, 11),
(1116, '2013-12-31', 25319, 25328.806058523, 11),
(1117, '2014-01-31', 26219, 26012.20045982, 11),
(1118, '2014-02-28', 24235, 24359.131899986, 11),
(1119, '2014-03-31', 27314, 27206.574450909, 11),
(1120, '2014-04-30', 26437, 26428.749989563, 11),
(1121, '2014-05-31', 26902, 26940.267646162, 11),
(1122, '2014-06-30', 25404, 25381.078451778, 11),
(1123, '2014-07-31', 25407, 25416.970385493, 11),
(1124, '2014-08-31', 24611, 24751.323719465, 11),
(1125, '2014-09-30', 23431, 23540.099422662, 11),
(1126, '2014-10-31', 24325, 24253.777353878, 11),
(1127, '2014-11-30', 23718, 23961.397397017, 11),
(1128, '2014-12-31', 25223, 25354.885624928, 11),
(1129, '2015-01-31', 26171, 25986.459476606, 11),
(1130, '2015-02-28', 24333, 24275.491144059, 11),
(1131, '2015-03-31', 27383, 27257.052141677, 11),
(1132, '2015-04-30', 26450, 26476.009368192, 11),
(1133, '2015-05-31', 26795, 26958.547533239, 11),
(1134, '2015-06-30', 25344, 25327.188005707, 11),
(1135, '2015-07-31', 25364, 25351.048756143, 11),
(1136, '2015-08-31', 24595, 24679.369308326, 11),
(1137, '2015-09-30', 23403, 23501.992667433, 11),
(1138, '2015-10-31', 24063, 24240.022674714, 11),
(1139, '2015-11-30', 23718, 23754.611550998, 11),
(1140, '2015-12-31', 25267, 25281.704560147, 11),
(1141, '2016-01-31', 26121, 26019.116222246, 11),
(1142, '2016-02-29', 25103, 24239.876195026, 11),
(1143, '2016-03-31', 27295, 27719.252374544, 11),
(1144, '2016-04-30', 26405, 26589.485723556, 11),
(1145, '2016-05-31', 26872, 26958.162908714, 11),
(1146, '2016-06-30', 25343, 25393.53532783, 11),
(1147, '2016-07-31', 25316, 25374.374255704, 11),
(1148, '2016-08-31', 24617, 24645.214996658, 11),
(1149, '2016-09-30', 23380, 23497.443946182, 11),
(1150, '2016-10-31', 24182, 24212.485976504, 11),
(1151, '2016-11-30', 23874, 23831.051038103, 11),
(1152, '2016-12-31', 25379, 25408.668751589, 11),
(1153, '2017-01-31', 26172, 26151.072486771, 11),
(1154, '2017-02-28', 24310, 24413.616016328, 11),
(1155, '2017-03-31', 27340, 27145.870795893, 11),
(1156, '2017-04-30', 26449, 26410.733303528, 11),
(1157, '2017-05-31', 26915, 26922.361920838, 11),
(1158, '2017-06-30', 25427, 25407.737096595, 11),
(1159, '2017-07-31', 25393, 25428.798724849, 11),
(1160, '2017-08-31', 24703, 24716.359234755, 11),
(1161, '2017-09-30', 23436, 23566.527775975, 11),
(1162, '2017-10-31', 24256, 24283.731067322, 11),
(1163, '2017-11-30', 23985, 23912.370928488, 11),
(1164, '2017-12-31', 25446, 25499.048404889, 11),
(1165, '2018-01-31', 26329, 26233.181166794, 11),
(1166, '2018-02-28', 24393, 24526.298227556, 11),
(1167, '2018-03-31', 27493, 27276.700883066, 11),
(1168, '2018-04-30', 26669, 26536.655652666, 11),
(1169, '2018-05-31', 27103, 27100.87817341, 11),
(1170, '2018-06-30', 25507, 25596.875128497, 11),
(1171, '2018-07-31', 25527, 25546.2734378, 11),
(1172, '2018-08-31', 24890, 24847.067057772, 11),
(1173, '2018-09-30', 23671, 23718.251385384, 11),
(1174, '2018-10-31', 24567, 24500.05613796, 11),
(1175, '2018-11-30', 24062, 24200.980294392, 11),
(1176, '2018-12-31', 25654, 25646.50766268, 11),
(1177, '2019-01-31', 0, 26436.452235986, 11),
(1178, '2019-03-03', 0, 24645.057421039, 11),
(1179, '2019-03-31', 0, 27519.463744658, 11),
(1180, '2019-05-01', 0, 26639.041932578, 11),
(1181, '2019-05-31', 0, 27106.120471098, 11),
(1182, '2019-07-01', 0, 25587.668562367, 11),
(1183, '2019-07-31', 0, 25598.40651994, 11),
(1184, '2019-08-31', 0, 24917.402617737, 11),
(1185, '2019-10-01', 0, 23750.663514934, 11),
(1186, '2019-10-31', 0, 24573.747999291, 11),
(1187, '2019-12-01', 0, 24208.217084242, 11),
(1188, '2019-12-31', 0, 25754.799253019, 11),
(1297, '2011-01-31', 25798, 25544.743055556, 13),
(1298, '2011-02-28', 24147, 23781.150527778, 13),
(1299, '2011-03-31', 26946, 26998.539903444, 13),
(1300, '2011-04-30', 26198, 26103.041244364, 13),
(1301, '2011-05-31', 26657, 26630.422152122, 13),
(1302, '2011-06-30', 25092, 25092.23318972, 13),
(1303, '2011-07-31', 25072, 25140.68108704, 13),
(1304, '2011-08-31', 24413, 24457.164680547, 13),
(1305, '2011-09-30', 23290, 23349.374896631, 13),
(1306, '2011-10-31', 24020, 24121.305569912, 13),
(1307, '2011-11-30', 23693, 23780.444886256, 13),
(1308, '2011-12-31', 25134, 25291.006559787, 13),
(1309, '2012-01-31', 26138, 25936.809539039, 13),
(1310, '2012-02-29', 25032, 24190.297224285, 13),
(1311, '2012-03-31', 27222, 27404.818526758, 13),
(1312, '2012-04-30', 26290, 26520.517422968, 13),
(1313, '2012-05-31', 26760, 26966.943374203, 13),
(1314, '2012-06-30', 25268, 25375.233130533, 13),
(1315, '2012-07-31', 25268, 25385.043156741, 13),
(1316, '2012-08-31', 24601, 24696.734437996, 13),
(1317, '2012-09-30', 23412, 23573.77013583, 13),
(1318, '2012-10-31', 24217, 24313.538703826, 13),
(1319, '2012-11-30', 23766, 23975.357329072, 13),
(1320, '2012-12-31', 25422, 25442.753434228, 13),
(1321, '2013-01-31', 26180, 26200.23105791, 13),
(1322, '2013-02-28', 24330, 24560.728443185, 13),
(1323, '2013-03-31', 27347, 27308.159712671, 13),
(1324, '2013-04-30', 26460, 26450.910595252, 13),
(1325, '2013-05-31', 26929, 26946.042069688, 13),
(1326, '2013-06-30', 25356, 25412.128536574, 13),
(1327, '2013-07-31', 25288, 25425.895484832, 13),
(1328, '2013-08-31', 24618, 24734.537393203, 13),
(1329, '2013-09-30', 23406, 23587.48772093, 13),
(1330, '2013-10-31', 24122, 24334.813233662, 13),
(1331, '2013-11-30', 23769, 23941.680302837, 13),
(1332, '2013-12-31', 25319, 25457.203276063, 13),
(1333, '2014-01-31', 26219, 26186.373030387, 13),
(1334, '2014-02-28', 24235, 24502.190809503, 13),
(1335, '2014-03-31', 27314, 27302.148412387, 13),
(1336, '2014-04-30', 26437, 26427.375699743, 13),
(1337, '2014-05-31', 26902, 26911.359095537, 13),
(1338, '2014-06-30', 25404, 25364.648633218, 13),
(1339, '2014-07-31', 25407, 25373.316642196, 13),
(1340, '2014-08-31', 24611, 24717.515724087, 13),
(1341, '2014-09-30', 23431, 23553.037856661, 13),
(1342, '2014-10-31', 24325, 24301.128568325, 13),
(1343, '2014-11-30', 23718, 23962.304561762, 13),
(1344, '2014-12-31', 25223, 25468.830760389, 13),
(1345, '2015-01-31', 26171, 26214.097357633, 13),
(1346, '2015-02-28', 24333, 24439.134187827, 13),
(1347, '2015-03-31', 27383, 27335.237700354, 13),
(1348, '2015-04-30', 26450, 26464.220634001, 13),
(1349, '2015-05-31', 26795, 26935.891701065, 13),
(1350, '2015-06-30', 25344, 25371.051771287, 13),
(1351, '2015-07-31', 25364, 25361.299760634, 13),
(1352, '2015-08-31', 24595, 24661.751436847, 13),
(1353, '2015-09-30', 23403, 23497.757169864, 13),
(1354, '2015-10-31', 24063, 24282.687425649, 13),
(1355, '2015-11-30', 23718, 23826.180351327, 13),
(1356, '2015-12-31', 25267, 25355.500543343, 13),
(1357, '2016-01-31', 26121, 26177.453960498, 13),
(1358, '2016-02-29', 25103, 24381.201964301, 13),
(1359, '2016-03-31', 27295, 27479.650140851, 13),
(1360, '2016-04-30', 26405, 26546.168094884, 13),
(1361, '2016-05-31', 26872, 26960.434236394, 13),
(1362, '2016-06-30', 25343, 25432.002835273, 13),
(1363, '2016-07-31', 25316, 25415.348742701, 13),
(1364, '2016-08-31', 24617, 24676.661672602, 13),
(1365, '2016-09-30', 23380, 23505.331793993, 13),
(1366, '2016-10-31', 24182, 24252.009376516, 13),
(1367, '2016-11-30', 23874, 23850.643835007, 13),
(1368, '2016-12-31', 25379, 25409.964855418, 13),
(1369, '2017-01-31', 26172, 26250.317104007, 13),
(1370, '2017-02-28', 24310, 24635.586019588, 13),
(1371, '2017-03-31', 27340, 27301.933347879, 13),
(1372, '2017-04-30', 26449, 26419.244743882, 13),
(1373, '2017-05-31', 26915, 26876.849767377, 13),
(1374, '2017-06-30', 25427, 25370.603219952, 13),
(1375, '2017-07-31', 25393, 25378.132054745, 13),
(1376, '2017-08-31', 24703, 24669.856107897, 13),
(1377, '2017-09-30', 23436, 23499.74062419, 13),
(1378, '2017-10-31', 24256, 24270.674296643, 13),
(1379, '2017-11-30', 23985, 23901.665317164, 13),
(1380, '2017-12-31', 25446, 25459.06672641, 13),
(1381, '2018-01-31', 26329, 26290.82738382, 13),
(1382, '2018-02-28', 24393, 24639.708985261, 13),
(1383, '2018-03-31', 27493, 27409.083151327, 13),
(1384, '2018-04-30', 26669, 26533.728042085, 13),
(1385, '2018-05-31', 27103, 27015.031457593, 13),
(1386, '2018-06-30', 25507, 25523.907274038, 13),
(1387, '2018-07-31', 25527, 25507.294691979, 13),
(1388, '2018-08-31', 24890, 24804.878108694, 13),
(1389, '2018-09-30', 23671, 23622.619516681, 13),
(1390, '2018-10-31', 24567, 24428.91538944, 13),
(1391, '2018-11-30', 24062, 24115.753442299, 13),
(1392, '2018-12-31', 25654, 25623.82563162, 13),
(1393, '2019-01-31', 0, 26477.929657911, 13),
(1394, '2019-03-03', 0, 24752.050169006, 13),
(1395, '2019-03-31', 0, 27652.348185445, 13),
(1396, '2019-05-01', 0, 26774.431118469, 13),
(1397, '2019-05-31', 0, 27218.682420622, 13),
(1398, '2019-07-01', 0, 25685.79755642, 13),
(1399, '2019-07-31', 0, 25682.42430174, 13),
(1400, '2019-08-31', 0, 24992.758668484, 13),
(1401, '2019-10-01', 0, 23785.309304373, 13),
(1402, '2019-10-31', 0, 24603.916093152, 13),
(1403, '2019-12-01', 0, 24217.001774917, 13),
(1404, '2019-12-31', 0, 25756.088024735, 13),
(1513, '2011-01-31', 25798, 25544.743055556, 15),
(1514, '2011-02-28', 24147, 23806.982736111, 15),
(1515, '2011-03-31', 26946, 27054.290616083, 15),
(1516, '2011-04-30', 26198, 26137.456388367, 15),
(1517, '2011-05-31', 26657, 26664.635690636, 15),
(1518, '2011-06-30', 25092, 25119.31538808, 15),
(1519, '2011-07-31', 25072, 25159.927283963, 15),
(1520, '2011-08-31', 24413, 24463.828047377, 15),
(1521, '2011-09-30', 23290, 23349.553613482, 15),
(1522, '2011-10-31', 24020, 24115.304188075, 15),
(1523, '2011-11-30', 23693, 23765.757765162, 15),
(1524, '2011-12-31', 25134, 25271.538722531, 15),
(1525, '2012-01-31', 26138, 25899.244118688, 15),
(1526, '2012-02-29', 25032, 24175.306140036, 15),
(1527, '2012-03-31', 27222, 27486.525396262, 15),
(1528, '2012-04-30', 26290, 26560.391565857, 15),
(1529, '2012-05-31', 26760, 26974.102693881, 15),
(1530, '2012-06-30', 25268, 25361.600784348, 15),
(1531, '2012-07-31', 25268, 25368.092081297, 15),
(1532, '2012-08-31', 24601, 24674.554774492, 15),
(1533, '2012-09-30', 23412, 23549.914122516, 15),
(1534, '2012-10-31', 24217, 24282.462929615, 15),
(1535, '2012-11-30', 23766, 23944.596686484, 15),
(1536, '2012-12-31', 25422, 25402.379986313, 15),
(1537, '2013-01-31', 26180, 26154.555842464, 15),
(1538, '2013-02-28', 24330, 24493.412424174, 15),
(1539, '2013-03-31', 27347, 27254.044215625, 15),
(1540, '2013-04-30', 26460, 26426.968195154, 15),
(1541, '2013-05-31', 26929, 26938.392889086, 15),
(1542, '2013-06-30', 25356, 25408.703472404, 15),
(1543, '2013-07-31', 25288, 25422.440324859, 15),
(1544, '2013-08-31', 24618, 24720.304824235, 15),
(1545, '2013-09-30', 23406, 23569.484638774, 15),
(1546, '2013-10-31', 24122, 24305.38456293, 15),
(1547, '2013-11-30', 23769, 23903.483732486, 15),
(1548, '2013-12-31', 25319, 25411.4910949, 15),
(1549, '2014-01-31', 26219, 26125.94869138, 15),
(1550, '2014-02-28', 24235, 24440.525181861, 15),
(1551, '2014-03-31', 27314, 27237.205438859, 15),
(1552, '2014-04-30', 26437, 26387.445017435, 15),
(1553, '2014-05-31', 26902, 26889.764619741, 15),
(1554, '2014-06-30', 25404, 25352.445371767, 15),
(1555, '2014-07-31', 25407, 25375.897374402, 15),
(1556, '2014-08-31', 24611, 24726.768930754, 15),
(1557, '2014-09-30', 23431, 23555.576684352, 15),
(1558, '2014-10-31', 24325, 24295.718390557, 15),
(1559, '2014-11-30', 23718, 23965.910963047, 15),
(1560, '2014-12-31', 25223, 25446.052423631, 15),
(1561, '2015-01-31', 26171, 26156.865971705, 15),
(1562, '2015-02-28', 24333, 24381.153156878, 15),
(1563, '2015-03-31', 27383, 27281.363341343, 15),
(1564, '2015-04-30', 26450, 26430.515464199, 15),
(1565, '2015-05-31', 26795, 26912.976619838, 15),
(1566, '2015-06-30', 25344, 25341.069345754, 15),
(1567, '2015-07-31', 25364, 25341.566023641, 15),
(1568, '2015-08-31', 24595, 24654.868734493, 15),
(1569, '2015-09-30', 23403, 23494.807095997, 15),
(1570, '2015-10-31', 24063, 24273.496715219, 15),
(1571, '2015-11-30', 23718, 23808.513474953, 15),
(1572, '2015-12-31', 25267, 25337.006985037, 15),
(1573, '2016-01-31', 26121, 26140.374102019, 15),
(1574, '2016-02-29', 25103, 24338.158272856, 15),
(1575, '2016-03-31', 27295, 27515.230486737, 15),
(1576, '2016-04-30', 26405, 26550.147020251, 15),
(1577, '2016-05-31', 26872, 26952.940577129, 15),
(1578, '2016-06-30', 25343, 25416.345570411, 15),
(1579, '2016-07-31', 25316, 25396.408348192, 15),
(1580, '2016-08-31', 24617, 24659.3110081, 15),
(1581, '2016-09-30', 23380, 23495.651193665, 15),
(1582, '2016-10-31', 24182, 24239.961261022, 15),
(1583, '2016-11-30', 23874, 23844.548847669, 15),
(1584, '2016-12-31', 25379, 25412.671606782, 15),
(1585, '2017-01-31', 26172, 26237.123752905, 15),
(1586, '2017-02-28', 24310, 24585.145364926, 15),
(1587, '2017-03-31', 27340, 27236.393376045, 15),
(1588, '2017-04-30', 26449, 26379.208683165, 15),
(1589, '2017-05-31', 26915, 26856.236836685, 15),
(1590, '2017-06-30', 25427, 25360.255868414, 15),
(1591, '2017-07-31', 25393, 25378.810876574, 15),
(1592, '2017-08-31', 24703, 24676.609307331, 15),
(1593, '2017-09-30', 23436, 23517.086862307, 15),
(1594, '2017-10-31', 24256, 24283.016799064, 15),
(1595, '2017-11-30', 23985, 23914.565682011, 15),
(1596, '2017-12-31', 25446, 25481.29486131, 15),
(1597, '2018-01-31', 26329, 26298.212590765, 15),
(1598, '2018-02-28', 24393, 24631.035990252, 15),
(1599, '2018-03-31', 27493, 27373.310365034, 15),
(1600, '2018-04-30', 26669, 26514.301492625, 15),
(1601, '2018-05-31', 27103, 27015.447465873, 15),
(1602, '2018-06-30', 25507, 25530.913623213, 15),
(1603, '2018-07-31', 25527, 25511.825117722, 15),
(1604, '2018-08-31', 24890, 24813.077884731, 15),
(1605, '2018-09-30', 23671, 23647.044047532, 15),
(1606, '2018-10-31', 24567, 24457.371266482, 15),
(1607, '2018-11-30', 24062, 24152.728141459, 15),
(1608, '2018-12-31', 25654, 25650.288078189, 15),
(1609, '2019-01-31', 0, 26494.401783011, 15),
(1610, '2019-03-03', 0, 24762.967984997, 15),
(1611, '2019-03-31', 0, 27654.635693253, 15),
(1612, '2019-05-01', 0, 26769.213810854, 15),
(1613, '2019-05-31', 0, 27211.063403756, 15),
(1614, '2019-07-01', 0, 25677.54441886, 15),
(1615, '2019-07-31', 0, 25674.67057927, 15),
(1616, '2019-08-31', 0, 24985.078744013, 15),
(1617, '2019-10-01', 0, 23785.124788843, 15),
(1618, '2019-10-31', 0, 24606.392181156, 15),
(1619, '2019-12-01', 0, 24226.263395015, 15),
(1620, '2019-12-31', 0, 25770.896459001, 15),
(1621, '2011-01-31', 25798, 25544.743055556, 16),
(1622, '2011-02-28', 24147, 23806.982736111, 16),
(1623, '2011-03-31', 26946, 27054.290616083, 16),
(1624, '2011-04-30', 26198, 26137.456388367, 16),
(1625, '2011-05-31', 26657, 26664.635690636, 16),
(1626, '2011-06-30', 25092, 25119.31538808, 16),
(1627, '2011-07-31', 25072, 25159.927283963, 16),
(1628, '2011-08-31', 24413, 24463.828047377, 16),
(1629, '2011-09-30', 23290, 23349.553613482, 16),
(1630, '2011-10-31', 24020, 24115.304188075, 16),
(1631, '2011-11-30', 23693, 23765.757765162, 16),
(1632, '2011-12-31', 25134, 25271.538722531, 16),
(1633, '2012-01-31', 26138, 25899.244118688, 16),
(1634, '2012-02-29', 25032, 24175.306140036, 16),
(1635, '2012-03-31', 27222, 27486.525396262, 16),
(1636, '2012-04-30', 26290, 26560.391565857, 16),
(1637, '2012-05-31', 26760, 26974.102693881, 16),
(1638, '2012-06-30', 25268, 25361.600784348, 16),
(1639, '2012-07-31', 25268, 25368.092081297, 16),
(1640, '2012-08-31', 24601, 24674.554774492, 16),
(1641, '2012-09-30', 23412, 23549.914122516, 16),
(1642, '2012-10-31', 24217, 24282.462929615, 16),
(1643, '2012-11-30', 23766, 23944.596686484, 16),
(1644, '2012-12-31', 25422, 25402.379986313, 16),
(1645, '2013-01-31', 26180, 26154.555842464, 16),
(1646, '2013-02-28', 24330, 24493.412424174, 16),
(1647, '2013-03-31', 27347, 27254.044215625, 16),
(1648, '2013-04-30', 26460, 26426.968195154, 16),
(1649, '2013-05-31', 26929, 26938.392889086, 16),
(1650, '2013-06-30', 25356, 25408.703472404, 16),
(1651, '2013-07-31', 25288, 25422.440324859, 16),
(1652, '2013-08-31', 24618, 24720.304824235, 16),
(1653, '2013-09-30', 23406, 23569.484638774, 16),
(1654, '2013-10-31', 24122, 24305.38456293, 16),
(1655, '2013-11-30', 23769, 23903.483732486, 16),
(1656, '2013-12-31', 25319, 25411.4910949, 16),
(1657, '2014-01-31', 26219, 26125.94869138, 16),
(1658, '2014-02-28', 24235, 24440.525181861, 16),
(1659, '2014-03-31', 27314, 27237.205438859, 16),
(1660, '2014-04-30', 26437, 26387.445017435, 16),
(1661, '2014-05-31', 26902, 26889.764619741, 16),
(1662, '2014-06-30', 25404, 25352.445371767, 16),
(1663, '2014-07-31', 25407, 25375.897374402, 16),
(1664, '2014-08-31', 24611, 24726.768930754, 16),
(1665, '2014-09-30', 23431, 23555.576684352, 16),
(1666, '2014-10-31', 24325, 24295.718390557, 16),
(1667, '2014-11-30', 23718, 23965.910963047, 16),
(1668, '2014-12-31', 25223, 25446.052423631, 16),
(1669, '2015-01-31', 26171, 26156.865971705, 16),
(1670, '2015-02-28', 24333, 24381.153156878, 16),
(1671, '2015-03-31', 27383, 27281.363341343, 16),
(1672, '2015-04-30', 26450, 26430.515464199, 16),
(1673, '2015-05-31', 26795, 26912.976619838, 16),
(1674, '2015-06-30', 25344, 25341.069345754, 16),
(1675, '2015-07-31', 25364, 25341.566023641, 16),
(1676, '2015-08-31', 24595, 24654.868734493, 16),
(1677, '2015-09-30', 23403, 23494.807095997, 16),
(1678, '2015-10-31', 24063, 24273.496715219, 16),
(1679, '2015-11-30', 23718, 23808.513474953, 16),
(1680, '2015-12-31', 25267, 25337.006985037, 16),
(1681, '2016-01-31', 26121, 26140.374102019, 16),
(1682, '2016-02-29', 25103, 24338.158272856, 16),
(1683, '2016-03-31', 27295, 27515.230486737, 16),
(1684, '2016-04-30', 26405, 26550.147020251, 16),
(1685, '2016-05-31', 26872, 26952.940577129, 16),
(1686, '2016-06-30', 25343, 25416.345570411, 16),
(1687, '2016-07-31', 25316, 25396.408348192, 16),
(1688, '2016-08-31', 24617, 24659.3110081, 16),
(1689, '2016-09-30', 23380, 23495.651193665, 16),
(1690, '2016-10-31', 24182, 24239.961261022, 16),
(1691, '2016-11-30', 23874, 23844.548847669, 16),
(1692, '2016-12-31', 25379, 25412.671606782, 16),
(1693, '2017-01-31', 26172, 26237.123752905, 16),
(1694, '2017-02-28', 24310, 24585.145364926, 16),
(1695, '2017-03-31', 27340, 27236.393376045, 16),
(1696, '2017-04-30', 26449, 26379.208683165, 16),
(1697, '2017-05-31', 26915, 26856.236836685, 16),
(1698, '2017-06-30', 25427, 25360.255868414, 16),
(1699, '2017-07-31', 25393, 25378.810876574, 16),
(1700, '2017-08-31', 24703, 24676.609307331, 16),
(1701, '2017-09-30', 23436, 23517.086862307, 16),
(1702, '2017-10-31', 24256, 24283.016799064, 16),
(1703, '2017-11-30', 23985, 23914.565682011, 16),
(1704, '2017-12-31', 25446, 25481.29486131, 16),
(1705, '2018-01-31', 26329, 26298.212590765, 16),
(1706, '2018-02-28', 24393, 24631.035990252, 16),
(1707, '2018-03-31', 27493, 27373.310365034, 16),
(1708, '2018-04-30', 26669, 26514.301492625, 16),
(1709, '2018-05-31', 27103, 27015.447465873, 16),
(1710, '2018-06-30', 25507, 25530.913623213, 16),
(1711, '2018-07-31', 25527, 25511.825117722, 16),
(1712, '2018-08-31', 24890, 24813.077884731, 16),
(1713, '2018-09-30', 23671, 23647.044047532, 16),
(1714, '2018-10-31', 24567, 24457.371266482, 16),
(1715, '2018-11-30', 24062, 24152.728141459, 16),
(1716, '2018-12-31', 25654, 25650.288078189, 16),
(1717, '2019-01-31', 0, 26494.401783011, 16),
(1718, '2019-03-03', 0, 24762.967984997, 16),
(1719, '2019-03-31', 0, 27654.635693253, 16),
(1720, '2019-05-01', 0, 26769.213810854, 16),
(1721, '2019-05-31', 0, 27211.063403756, 16),
(1722, '2019-07-01', 0, 25677.54441886, 16),
(1723, '2019-07-31', 0, 25674.67057927, 16),
(1724, '2019-08-31', 0, 24985.078744013, 16),
(1725, '2019-10-01', 0, 23785.124788843, 16),
(1726, '2019-10-31', 0, 24606.392181156, 16),
(1727, '2019-12-01', 0, 24226.263395015, 16),
(1728, '2019-12-31', 0, 25770.896459001, 16);

-- --------------------------------------------------------

--
-- Struktur dari tabel `penjualan`
--

CREATE TABLE `penjualan` (
  `idPenjualan` int(11) NOT NULL,
  `tanggal` date NOT NULL,
  `jmlhPenjualan` int(11) NOT NULL
) ENGINE=InnoDB DEFAULT CHARSET=utf8mb4 COLLATE=utf8mb4_general_ci;

--
-- Dumping data untuk tabel `penjualan`
--

INSERT INTO `penjualan` (`idPenjualan`, `tanggal`, `jmlhPenjualan`) VALUES
(1, '2010-01-31', 25522),
(2, '2010-02-28', 23684),
(3, '2010-03-31', 26803),
(4, '2010-04-30', 25893),
(5, '2010-05-31', 26376),
(6, '2010-06-30', 24807),
(7, '2010-07-31', 24830),
(8, '2010-08-31', 24135),
(9, '2010-09-30', 23011),
(10, '2010-10-31', 23770),
(11, '2010-11-30', 23425),
(12, '2010-12-31', 24929),
(13, '2011-01-31', 25798),
(14, '2011-02-28', 24147),
(15, '2011-03-31', 26946),
(16, '2011-04-30', 26198),
(17, '2011-05-31', 26657),
(18, '2011-06-30', 25092),
(19, '2011-07-31', 25072),
(20, '2011-08-31', 24413),
(21, '2011-09-30', 23290),
(22, '2011-10-31', 24020),
(23, '2011-11-30', 23693),
(24, '2011-12-31', 25134),
(25, '2012-01-31', 26138),
(26, '2012-02-29', 25032),
(27, '2012-03-31', 27222),
(28, '2012-04-30', 26290),
(29, '2012-05-31', 26760),
(30, '2012-06-30', 25268),
(31, '2012-07-31', 25268),
(32, '2012-08-31', 24601),
(33, '2012-09-30', 23412),
(34, '2012-10-31', 24217),
(35, '2012-11-30', 23766),
(36, '2012-12-31', 25422),
(37, '2013-01-31', 26180),
(38, '2013-02-28', 24330),
(39, '2013-03-31', 27347),
(40, '2013-04-30', 26460),
(41, '2013-05-31', 26929),
(42, '2013-06-30', 25356),
(43, '2013-07-31', 25288),
(44, '2013-08-31', 24618),
(45, '2013-09-30', 23406),
(46, '2013-10-31', 24122),
(47, '2013-11-30', 23769),
(48, '2013-12-31', 25319),
(49, '2014-01-31', 26219),
(50, '2014-02-28', 24235),
(51, '2014-03-31', 27314),
(52, '2014-04-30', 26437),
(53, '2014-05-31', 26902),
(54, '2014-06-30', 25404),
(55, '2014-07-31', 25407),
(56, '2014-08-31', 24611),
(57, '2014-09-30', 23431),
(58, '2014-10-31', 24325),
(59, '2014-11-30', 23718),
(60, '2014-12-31', 25223),
(61, '2015-01-31', 26171),
(62, '2015-02-28', 24333),
(63, '2015-03-31', 27383),
(64, '2015-04-30', 26450),
(65, '2015-05-31', 26795),
(66, '2015-06-30', 25344),
(67, '2015-07-31', 25364),
(68, '2015-08-31', 24595),
(69, '2015-09-30', 23403),
(70, '2015-10-31', 24063),
(71, '2015-11-30', 23718),
(72, '2015-12-31', 25267),
(73, '2016-01-31', 26121),
(74, '2016-02-29', 25103),
(75, '2016-03-31', 27295),
(76, '2016-04-30', 26405),
(77, '2016-05-31', 26872),
(78, '2016-06-30', 25343),
(79, '2016-07-31', 25316),
(80, '2016-08-31', 24617),
(81, '2016-09-30', 23380),
(82, '2016-10-31', 24182),
(83, '2016-11-30', 23874),
(84, '2016-12-31', 25379),
(85, '2017-01-31', 26172),
(86, '2017-02-28', 24310),
(87, '2017-03-31', 27340),
(88, '2017-04-30', 26449),
(89, '2017-05-31', 26915),
(90, '2017-06-30', 25427),
(91, '2017-07-31', 25393),
(92, '2017-08-31', 24703),
(93, '2017-09-30', 23436),
(94, '2017-10-31', 24256),
(95, '2017-11-30', 23985),
(96, '2017-12-31', 25446),
(97, '2018-01-31', 26329),
(98, '2018-02-28', 24393),
(99, '2018-03-31', 27493),
(100, '2018-04-30', 26669),
(101, '2018-05-31', 27103),
(102, '2018-06-30', 25507),
(103, '2018-07-31', 25527),
(104, '2018-08-31', 24890),
(105, '2018-09-30', 23671),
(106, '2018-10-31', 24567),
(107, '2018-11-30', 24062),
(108, '2018-12-31', 25654);

-- --------------------------------------------------------

--
-- Struktur dari tabel `prediksi`
--

CREATE TABLE `prediksi` (
  `idPrediksi` int(11) NOT NULL,
  `alpha` decimal(3,2) NOT NULL,
  `beta` decimal(3,2) NOT NULL,
  `gamma` decimal(3,2) NOT NULL,
  `koefisien` int(11) NOT NULL,
  `MAPE` double NOT NULL,
  `MSE` double NOT NULL,
  `tipe` enum('1','2','') NOT NULL
) ENGINE=InnoDB DEFAULT CHARSET=utf8mb4 COLLATE=utf8mb4_general_ci;

--
-- Dumping data untuk tabel `prediksi`
--

INSERT INTO `prediksi` (`idPrediksi`, `alpha`, `beta`, `gamma`, `koefisien`, `MAPE`, `MSE`, `tipe`) VALUES
(7, '0.20', '0.02', '0.20', 12, 0.44199266120876, 28555.988371506, '1'),
(8, '0.30', '0.02', '0.30', 12, 0.44132179417583, 28147.084546231, '1'),
(9, '0.40', '0.02', '0.30', 12, 0.44080991619623, 29254.507574176, '1'),
(10, '0.50', '0.02', '0.30', 12, 0.43890200125315, 30675.938680392, '1'),
(11, '0.60', '0.02', '0.30', 12, 0.43410353668184, 32296.701899871, '1'),
(13, '0.20', '0.02', '0.30', 12, 0.44561328855882, 28163.930924844, '1'),
(15, '0.30', '0.02', '0.30', 12, 0.44132179417583, 28147.084546231, '1'),
(16, '0.30', '0.02', '0.30', 12, 0.44132179417583, 28147.084546231, '1');

--
-- Indexes for dumped tables
--

--
-- Indeks untuk tabel `detailprediksi`
--
ALTER TABLE `detailprediksi`
  ADD PRIMARY KEY (`idDetail`),
  ADD KEY `idPrediksi` (`idPrediksi`);

--
-- Indeks untuk tabel `penjualan`
--
ALTER TABLE `penjualan`
  ADD PRIMARY KEY (`idPenjualan`);

--
-- Indeks untuk tabel `prediksi`
--
ALTER TABLE `prediksi`
  ADD PRIMARY KEY (`idPrediksi`);

--
-- AUTO_INCREMENT untuk tabel yang dibuang
--

--
-- AUTO_INCREMENT untuk tabel `detailprediksi`
--
ALTER TABLE `detailprediksi`
  MODIFY `idDetail` int(11) NOT NULL AUTO_INCREMENT, AUTO_INCREMENT=1729;

--
-- AUTO_INCREMENT untuk tabel `penjualan`
--
ALTER TABLE `penjualan`
  MODIFY `idPenjualan` int(11) NOT NULL AUTO_INCREMENT, AUTO_INCREMENT=109;

--
-- AUTO_INCREMENT untuk tabel `prediksi`
--
ALTER TABLE `prediksi`
  MODIFY `idPrediksi` int(11) NOT NULL AUTO_INCREMENT, AUTO_INCREMENT=17;

--
-- Ketidakleluasaan untuk tabel pelimpahan (Dumped Tables)
--

--
-- Ketidakleluasaan untuk tabel `detailprediksi`
--
ALTER TABLE `detailprediksi`
  ADD CONSTRAINT `detailprediksi_ibfk_1` FOREIGN KEY (`idPrediksi`) REFERENCES `prediksi` (`idPrediksi`) ON DELETE CASCADE ON UPDATE CASCADE;
COMMIT;

/*!40101 SET CHARACTER_SET_CLIENT=@OLD_CHARACTER_SET_CLIENT */;
/*!40101 SET CHARACTER_SET_RESULTS=@OLD_CHARACTER_SET_RESULTS */;
/*!40101 SET COLLATION_CONNECTION=@OLD_COLLATION_CONNECTION */;
